<alt:peticion xmlns:alt="http://www.neg.hospedajes.mir.es/altaParteHospedaje">
    <solicitud>
        <codigoEstablecimiento>0000000016</codigoEstablecimiento>
        <comunicacion>
            <contrato>
                <referencia>string</referencia>
                <fechaContrato>2022-09-29</fechaContrato>
                <fechaEntrada>2022-09-19T01:18:33</fechaEntrada>
                <fechaSalida>2022-09-21T19:27:14+02:00</fechaSalida>
                <numPersonas>2</numPersonas>
                <numHabitaciones>1</numHabitaciones>
                <internet>false</internet>
                <pago>
                    <tipoPago>EFECT</tipoPago>
                    <fechaPago>2022-09-29</fechaPago>
                </pago>
            </contrato>
            <persona>
                <rol>VI</rol>
                <apellido1>García</apellido1>
                <apellido2>García</apellido2>
                <tipoDocumento>
                    NIFº</tipoDocumento>
                <numeroDocumento>000000000T</numeroDocumento>
                <soporteDocumento>999999999</soporteDocumento>
                <fechaNacimiento>1999-01-01</fechaNacimiento>
                <nacionalidad>ESP</nacionalidad>
                <sexo>H</sexo>
                <direccion>
                    <direccion>C/Serrano 127</direccion>
                    <direccionComplementaria>Portal A. 2ºB</direccionComplementaria>
                    <codigoMunicipio>28079</codigoMunicipio>
                    <codigoPostal>28001</codigoPostal>
                    <pais>ESP</pais>
                </direccion>
                <telefono>666666666</telefono>
                <correo>juangarcia@correo.es</correo>
            </persona>
            <persona>
                <rol>VI</rol>
                <nombre>Pedro</nombre>
                <apellido1>García</apellido1>
                <apellido2>Fernández</apellido2>
                <fechaNacimiento>2018-01-01</fechaNacimiento>
                <nacionalidad>ESP</nacionalidad>
                <sexo>H</sexo>
                <direccion>
                    <direccion>C/Serrano 127</direccion>
                    <direccionComplementaria>Portal A. 2ºB</direccionComplementaria>
                    <codigoMunicipio>28079</codigoMunicipio>
                    <codigoPostal>28001</codigoPostal>
                    <pais>ESP</pais>
                </direccion>
                <telefono>666666666</telefono>
                <correo>juangarcia@correo.es</correo>
                <parentesco>HJ</parentesco>
            </persona>
        </comunicacion>
    </solicitud>
</alt:peticion>